/*

I have used mysql to execute these SQL commands.

*/

CREATE DATABASE YOUTUBE;
USE YOUTUBE;

CREATE TABLE USER(
USER_ID VARCHAR(35) NOT NULL UNIQUE,
NAME VARCHAR(35) NOT NULL UNIQUE,
EMAIL VARCHAR(35) NOT NULL UNIQUE,
AGE INTEGER,
ADDRESS VARCHAR(100),
USER_IS_VIDEO_CONSUMER INTEGER,
USER_IS_VIDEO_CREATOR INTEGER,
PRIMARY KEY(USER_ID));


INSERT INTO USER VALUES('USER_ID_1','USER_NAME_1','USER_EMAIL_1',1,'APARTMENT NUMBER 1, STREET NUMBER 1,LOS ANGELES, CALIFORNIA, US',1,1);
INSERT INTO USER VALUES('USER_ID_2','USER_NAME_2','USER_EMAIL_2',2,'APARTMENT NUMBER 2, STREET NUMBER 2,LOS ANGELES, CALIFORNIA, US',1,1);
INSERT INTO USER VALUES('USER_ID_3','USER_NAME_3','USER_EMAIL_3',3,'APARTMENT NUMBER 3, STREET NUMBER 3,LOS ANGELES, CALIFORNIA,US',1,1);
INSERT INTO USER VALUES('USER_ID_4','Marvel Entertainment','USER_EMAIL_4',1,'APARTMENT NUMBER 4, STREET NUMBER 4,LOS ANGELES, CALIFORNIA,US',1,1);
INSERT INTO USER VALUES('USER_ID_5','USER_NAME_5','USER_EMAIL_5',1,'APARTMENT NUMBER 5, STREET NUMBER 5,LOS ANGELES, CALIFORNIA',1,1);
INSERT INTO USER VALUES('USER_ID_6','Marvel Entertainment 1','USER_EMAIL_6',1,'APARTMENT NUMBER 6, STREET NUMBER 6,LOS ANGELES, CALIFORNIA, US',1,1);
INSERT INTO USER VALUES('USER_ID_7','Marvel Entertainment 2','USER_EMAIL_7',1,'APARTMENT NUMBER 7, STREET NUMBER 7,LOS ANGELES, CALIFORNIA, US',1,1);
INSERT INTO USER VALUES('USER_ID_8','USER_NAME_8','USER_EMAIL_8',1,'APARTMENT NUMBER 1, STREET NUMBER 1,LOS ANGELES, CALIFORNIA, US',1,1);
INSERT INTO USER VALUES('USER_ID_9','USER_NAME_9','USER_EMAIL_9',2,'APARTMENT NUMBER 2, STREET NUMBER 2,LOS ANGELES, CALIFORNIA, US',1,1);
INSERT INTO USER VALUES('USER_ID_10','USER_NAME_10','USER_EMAIL_10',3,'APARTMENT NUMBER 3, STREET NUMBER 3,LOS ANGELES, CALIFORNIA,US',1,1);
INSERT INTO USER VALUES('USER_ID_11','USER_NAME_11','USER_EMAIL_11',1,'APARTMENT NUMBER 1, STREET NUMBER 1,LOS ANGELES, CALIFORNIA, US',1,1);
INSERT INTO USER VALUES('USER_ID_12','USER_NAME_12','USER_EMAIL_12',2,'APARTMENT NUMBER 2, STREET NUMBER 2,LOS ANGELES, CALIFORNIA, US',1,1);
INSERT INTO USER VALUES('USER_ID_13','USER_NAME_13','USER_EMAIL_13',3,'APARTMENT NUMBER 3, STREET NUMBER 3,LOS ANGELES, CALIFORNIA,US',1,1);
INSERT INTO USER VALUES('USER_ID_14','USER_NAME_14','USER_EMAIL_14',1,'APARTMENT NUMBER 1, STREET NUMBER 1,LOS ANGELES, CALIFORNIA, US',1,1);
INSERT INTO USER VALUES('USER_ID_15','USER_NAME_15','USER_EMAIL_15',2,'APARTMENT NUMBER 2, STREET NUMBER 2,LOS ANGELES, CALIFORNIA, US',1,1);
INSERT INTO USER VALUES('USER_ID_16','USER_NAME_16','USER_EMAIL_16',3,'APARTMENT NUMBER 3, STREET NUMBER 3,LOS ANGELES, CALIFORNIA,US',1,1);
INSERT INTO USER VALUES('USER_ID_17','USER_NAME_17','USER_EMAIL_17',2,'APARTMENT NUMBER 2, STREET NUMBER 2,LOS ANGELES, CALIFORNIA, US',0,1);
INSERT INTO USER VALUES('USER_ID_18','USER_NAME_18','USER_EMAIL_18',3,'APARTMENT NUMBER 3, STREET NUMBER 3,LOS ANGELES, CALIFORNIA,US',0,1);
INSERT INTO USER VALUES('USER_ID_19','USER_NAME_19','USER_EMAIL_19',1,'APARTMENT NUMBER 1, STREET NUMBER 1,LOS ANGELES, CALIFORNIA, US',1,1);
INSERT INTO USER VALUES('USER_ID_20','USER_NAME_20','USER_EMAIL_20',2,'APARTMENT NUMBER 2, STREET NUMBER 2,LOS ANGELES, CALIFORNIA, US',1,1);
INSERT INTO USER VALUES('USER_ID_21','USER_NAME_21','USER_EMAIL_21',1,'APARTMENT NUMBER 1, STREET NUMBER 1,LOS ANGELES, CALIFORNIA, US',1,1);
INSERT INTO USER VALUES('USER_ID_22','USER_NAME_22','USER_EMAIL_22',2,'APARTMENT NUMBER 2, STREET NUMBER 2,LOS ANGELES, CALIFORNIA, US',1,1);
INSERT INTO USER VALUES('USER_ID_23','USER_NAME_23','USER_EMAIL_23',3,'APARTMENT NUMBER 3, STREET NUMBER 3,LOS ANGELES, CALIFORNIA,US',1,1);
INSERT INTO USER VALUES('USER_ID_24','USER_NAME_24','USER_EMAIL_24',1,'APARTMENT NUMBER 1, STREET NUMBER 1,LOS ANGELES, CALIFORNIA, US',1,1);
INSERT INTO USER VALUES('USER_ID_25','USER_NAME_25','USER_EMAIL_25',2,'APARTMENT NUMBER 2, STREET NUMBER 2,LOS ANGELES, CALIFORNIA, US',1,1);
INSERT INTO USER VALUES('USER_ID_26','USER_NAME_26','USER_EMAIL_26',3,'APARTMENT NUMBER 3, STREET NUMBER 3,LOS ANGELES, CALIFORNIA,US',1,1);
INSERT INTO USER VALUES('USER_ID_27','USER_NAME_27','USER_EMAIL_27',2,'APARTMENT NUMBER 2, STREET NUMBER 2,LOS ANGELES, CALIFORNIA, US',0,1);
INSERT INTO USER VALUES('USER_ID_28','USER_NAME_28','USER_EMAIL_28',3,'APARTMENT NUMBER 3, STREET NUMBER 3,LOS ANGELES, CALIFORNIA,US',0,1);
INSERT INTO USER VALUES('USER_ID_29','USER_NAME_29','USER_EMAIL_29',3,'APARTMENT NUMBER 3, STREET NUMBER 3,LOS ANGELES, CALIFORNIA,US',1,1);
INSERT INTO USER VALUES('USER_ID_30','USER_NAME_30','USER_EMAIL_30',3,'APARTMENT NUMBER 3, STREET NUMBER 3,LOS ANGELES, CALIFORNIA,US',1,1);
INSERT INTO USER VALUES('USER_ID_31','USER_NAME_31','USER_EMAIL_31',1,'APARTMENT NUMBER 1, STREET NUMBER 1,LOS ANGELES, CALIFORNIA, US',1,1);
INSERT INTO USER VALUES('USER_ID_32','USER_NAME_32','USER_EMAIL_32',2,'APARTMENT NUMBER 2, STREET NUMBER 2,LOS ANGELES, CALIFORNIA, US',1,1);
INSERT INTO USER VALUES('USER_ID_33','USER_NAME_33','USER_EMAIL_33',3,'APARTMENT NUMBER 3, STREET NUMBER 3,LOS ANGELES, CALIFORNIA,US',1,1);
INSERT INTO USER VALUES('USER_ID_34','USER_NAME_34','USER_EMAIL_34',1,'APARTMENT NUMBER 1, STREET NUMBER 1,LOS ANGELES, CALIFORNIA, US',1,1);
INSERT INTO USER VALUES('USER_ID_35','USER_NAME_35','USER_EMAIL_35',2,'APARTMENT NUMBER 2, STREET NUMBER 2,LOS ANGELES, CALIFORNIA, US',1,1);
INSERT INTO USER VALUES('USER_ID_36','USER_NAME_36','USER_EMAIL_36',3,'APARTMENT NUMBER 3, STREET NUMBER 3,LOS ANGELES, CALIFORNIA,US',1,1);
INSERT INTO USER VALUES('USER_ID_37','USER_NAME_37','USER_EMAIL_37',2,'APARTMENT NUMBER 2, STREET NUMBER 2,LOS ANGELES, CALIFORNIA, US',0,1);
INSERT INTO USER VALUES('USER_ID_38','USER_NAME_38','USER_EMAIL_38',3,'APARTMENT NUMBER 3, STREET NUMBER 3,LOS ANGELES, CALIFORNIA,US',0,1);
INSERT INTO USER VALUES('USER_ID_39','USER_NAME_39','USER_EMAIL_39',3,'APARTMENT NUMBER 3, STREET NUMBER 3,LOS ANGELES, CALIFORNIA,US',1,1);
INSERT INTO USER VALUES('USER_ID_40','USER_NAME_40','USER_EMAIL_40',3,'APARTMENT NUMBER 3, STREET NUMBER 3,LOS ANGELES, CALIFORNIA,US',1,1);
INSERT INTO USER VALUES('USER_ID_41','USER_NAME_41','USER_EMAIL_41',1,'APARTMENT NUMBER 1, STREET NUMBER 1,LOS ANGELES, CALIFORNIA, US',1,1);
INSERT INTO USER VALUES('USER_ID_42','USER_NAME_42','USER_EMAIL_42',2,'APARTMENT NUMBER 2, STREET NUMBER 2,LOS ANGELES, CALIFORNIA, US',1,1);
INSERT INTO USER VALUES('USER_ID_43','USER_NAME_43','USER_EMAIL_43',3,'APARTMENT NUMBER 3, STREET NUMBER 3,LOS ANGELES, CALIFORNIA,US',1,1);
INSERT INTO USER VALUES('USER_ID_44','USER_NAME_44','USER_EMAIL_44',1,'APARTMENT NUMBER 1, STREET NUMBER 1,LOS ANGELES, CALIFORNIA, US',1,1);
INSERT INTO USER VALUES('USER_ID_45','USER_NAME_45','USER_EMAIL_45',2,'APARTMENT NUMBER 2, STREET NUMBER 2,LOS ANGELES, CALIFORNIA, US',1,1);
INSERT INTO USER VALUES('USER_ID_46','USER_NAME_46','USER_EMAIL_46',3,'APARTMENT NUMBER 3, STREET NUMBER 3,LOS ANGELES, CALIFORNIA,US',1,1);
INSERT INTO USER VALUES('USER_ID_47','USER_NAME_47','USER_EMAIL_47',2,'APARTMENT NUMBER 2, STREET NUMBER 2,LOS ANGELES, CALIFORNIA, US',0,1);
INSERT INTO USER VALUES('USER_ID_48','USER_NAME_48','USER_EMAIL_48',3,'APARTMENT NUMBER 3, STREET NUMBER 3,LOS ANGELES, CALIFORNIA,US',0,1);
INSERT INTO USER VALUES('USER_ID_49','USER_NAME_49','USER_EMAIL_49',3,'APARTMENT NUMBER 3, STREET NUMBER 3,LOS ANGELES, CALIFORNIA,US',1,1);
INSERT INTO USER VALUES('USER_ID_50','USER_NAME_50','USER_EMAIL_50',3,'APARTMENT NUMBER 3, STREET NUMBER 3,LOS ANGELES, CALIFORNIA,US',1,1);
INSERT INTO USER VALUES('USER_ID_51','USER_NAME_51','USER_EMAIL_51',1,'APARTMENT NUMBER 1, STREET NUMBER 1,LOS ANGELES, CALIFORNIA, US',1,1);
INSERT INTO USER VALUES('USER_ID_52','USER_NAME_52','USER_EMAIL_52',2,'APARTMENT NUMBER 2, STREET NUMBER 2,LOS ANGELES, CALIFORNIA, US',1,1);
INSERT INTO USER VALUES('USER_ID_53','USER_NAME_53','USER_EMAIL_53',3,'APARTMENT NUMBER 3, STREET NUMBER 3,LOS ANGELES, CALIFORNIA,US',1,1);
INSERT INTO USER VALUES('USER_ID_54','USER_NAME_54','USER_EMAIL_54',1,'APARTMENT NUMBER 1, STREET NUMBER 1,LOS ANGELES, CALIFORNIA, US',1,1);
INSERT INTO USER VALUES('USER_ID_55','USER_NAME_55','USER_EMAIL_55',2,'APARTMENT NUMBER 2, STREET NUMBER 2,LOS ANGELES, CALIFORNIA, US',1,1);
INSERT INTO USER VALUES('USER_ID_56','USER_NAME_56','USER_EMAIL_56',3,'APARTMENT NUMBER 3, STREET NUMBER 3,LOS ANGELES, CALIFORNIA,US',1,1);
INSERT INTO USER VALUES('USER_ID_57','USER_NAME_57','USER_EMAIL_57',2,'APARTMENT NUMBER 2, STREET NUMBER 2,LOS ANGELES, CALIFORNIA, US',0,1);
INSERT INTO USER VALUES('USER_ID_58','USER_NAME_58','USER_EMAIL_58',3,'APARTMENT NUMBER 3, STREET NUMBER 3,LOS ANGELES, CALIFORNIA,US',0,1);
INSERT INTO USER VALUES('USER_ID_59','USER_NAME_59','USER_EMAIL_59',3,'APARTMENT NUMBER 3, STREET NUMBER 3,LOS ANGELES, CALIFORNIA,US',1,1);
INSERT INTO USER VALUES('USER_ID_60','USER_NAME_60','USER_EMAIL_60',3,'APARTMENT NUMBER 3, STREET NUMBER 3,LOS ANGELES, CALIFORNIA,US',1,1);
INSERT INTO USER VALUES('USER_ID_61','USER_NAME_61','USER_EMAIL_61',1,'APARTMENT NUMBER 1, STREET NUMBER 1,LOS ANGELES, CALIFORNIA, US',1,1);
INSERT INTO USER VALUES('USER_ID_62','USER_NAME_62','USER_EMAIL_62',2,'APARTMENT NUMBER 2, STREET NUMBER 2,LOS ANGELES, CALIFORNIA, US',1,1);
INSERT INTO USER VALUES('USER_ID_63','USER_NAME_63','USER_EMAIL_63',3,'APARTMENT NUMBER 3, STREET NUMBER 3,LOS ANGELES, CALIFORNIA,US',1,1);
INSERT INTO USER VALUES('USER_ID_64','USER_NAME_64','USER_EMAIL_64',1,'APARTMENT NUMBER 1, STREET NUMBER 1,LOS ANGELES, CALIFORNIA, US',1,1);
INSERT INTO USER VALUES('USER_ID_65','USER_NAME_65','USER_EMAIL_65',2,'APARTMENT NUMBER 2, STREET NUMBER 2,LOS ANGELES, CALIFORNIA, US',1,1);
INSERT INTO USER VALUES('USER_ID_66','USER_NAME_66','USER_EMAIL_66',3,'APARTMENT NUMBER 3, STREET NUMBER 3,LOS ANGELES, CALIFORNIA,US',1,1);
INSERT INTO USER VALUES('USER_ID_67','USER_NAME_67','USER_EMAIL_67',2,'APARTMENT NUMBER 2, STREET NUMBER 2,LOS ANGELES, CALIFORNIA, US',0,1);
INSERT INTO USER VALUES('USER_ID_68','USER_NAME_68','USER_EMAIL_68',3,'APARTMENT NUMBER 3, STREET NUMBER 3,LOS ANGELES, CALIFORNIA,US',0,1);
INSERT INTO USER VALUES('USER_ID_69','USER_NAME_69','USER_EMAIL_69',3,'APARTMENT NUMBER 3, STREET NUMBER 3,LOS ANGELES, CALIFORNIA,US',1,1);
INSERT INTO USER VALUES('USER_ID_70','USER_NAME_70','USER_EMAIL_70',3,'APARTMENT NUMBER 3, STREET NUMBER 3,LOS ANGELES, CALIFORNIA,US',1,1);
INSERT INTO USER VALUES('USER_ID_71','USER_NAME_71','USER_EMAIL_71',1,'APARTMENT NUMBER 1, STREET NUMBER 1,LOS ANGELES, CALIFORNIA, US',1,1);
INSERT INTO USER VALUES('USER_ID_72','USER_NAME_72','USER_EMAIL_72',2,'APARTMENT NUMBER 2, STREET NUMBER 2,LOS ANGELES, CALIFORNIA, US',1,1);
INSERT INTO USER VALUES('USER_ID_73','USER_NAME_73','USER_EMAIL_73',3,'APARTMENT NUMBER 3, STREET NUMBER 3,LOS ANGELES, CALIFORNIA,US',1,1);
INSERT INTO USER VALUES('USER_ID_74','USER_NAME_74','USER_EMAIL_74',1,'APARTMENT NUMBER 1, STREET NUMBER 1,LOS ANGELES, CALIFORNIA, US',1,1);
INSERT INTO USER VALUES('USER_ID_75','USER_NAME_75','USER_EMAIL_75',2,'APARTMENT NUMBER 2, STREET NUMBER 2,LOS ANGELES, CALIFORNIA, US',1,1);
INSERT INTO USER VALUES('USER_ID_76','USER_NAME_76','USER_EMAIL_76',3,'APARTMENT NUMBER 3, STREET NUMBER 3,LOS ANGELES, CALIFORNIA,US',1,1);
INSERT INTO USER VALUES('USER_ID_77','USER_NAME_77','USER_EMAIL_77',2,'APARTMENT NUMBER 2, STREET NUMBER 2,LOS ANGELES, CALIFORNIA, US',0,1);
INSERT INTO USER VALUES('USER_ID_78','USER_NAME_78','USER_EMAIL_78',3,'APARTMENT NUMBER 3, STREET NUMBER 3,LOS ANGELES, CALIFORNIA,US',0,1);
INSERT INTO USER VALUES('USER_ID_79','USER_NAME_79','USER_EMAIL_79',3,'APARTMENT NUMBER 3, STREET NUMBER 3,LOS ANGELES, CALIFORNIA,US',1,1);
INSERT INTO USER VALUES('USER_ID_80','USER_NAME_80','USER_EMAIL_80',3,'APARTMENT NUMBER 3, STREET NUMBER 3,LOS ANGELES, CALIFORNIA,US',1,1);
INSERT INTO USER VALUES('USER_ID_81','USER_NAME_81','USER_EMAIL_81',1,'APARTMENT NUMBER 1, STREET NUMBER 1,LOS ANGELES, CALIFORNIA, US',1,1);
INSERT INTO USER VALUES('USER_ID_82','USER_NAME_82','USER_EMAIL_82',2,'APARTMENT NUMBER 2, STREET NUMBER 2,LOS ANGELES, CALIFORNIA, US',1,1);
INSERT INTO USER VALUES('USER_ID_83','USER_NAME_83','USER_EMAIL_83',3,'APARTMENT NUMBER 3, STREET NUMBER 3,LOS ANGELES, CALIFORNIA,US',1,1);
INSERT INTO USER VALUES('USER_ID_84','USER_NAME_84','USER_EMAIL_84',1,'APARTMENT NUMBER 1, STREET NUMBER 1,LOS ANGELES, CALIFORNIA, US',1,1);
INSERT INTO USER VALUES('USER_ID_85','USER_NAME_85','USER_EMAIL_85',2,'APARTMENT NUMBER 2, STREET NUMBER 2,LOS ANGELES, CALIFORNIA, US',1,1);
INSERT INTO USER VALUES('USER_ID_86','USER_NAME_86','USER_EMAIL_86',3,'APARTMENT NUMBER 3, STREET NUMBER 3,LOS ANGELES, CALIFORNIA,US',1,1);
INSERT INTO USER VALUES('USER_ID_87','USER_NAME_87','USER_EMAIL_87',2,'APARTMENT NUMBER 2, STREET NUMBER 2,LOS ANGELES, CALIFORNIA, US',0,1);
INSERT INTO USER VALUES('USER_ID_88','USER_NAME_88','USER_EMAIL_88',3,'APARTMENT NUMBER 3, STREET NUMBER 3,LOS ANGELES, CALIFORNIA,US',0,1);
INSERT INTO USER VALUES('USER_ID_89','USER_NAME_89','USER_EMAIL_89',3,'APARTMENT NUMBER 3, STREET NUMBER 3,LOS ANGELES, CALIFORNIA,US',1,1);
INSERT INTO USER VALUES('USER_ID_90','USER_NAME_90','USER_EMAIL_90',3,'APARTMENT NUMBER 3, STREET NUMBER 3,LOS ANGELES, CALIFORNIA,US',1,1);
INSERT INTO USER VALUES('USER_ID_91','USER_NAME_91','USER_EMAIL_91',1,'APARTMENT NUMBER 1, STREET NUMBER 1,LOS ANGELES, CALIFORNIA, US',1,1);
INSERT INTO USER VALUES('USER_ID_92','USER_NAME_92','USER_EMAIL_92',2,'APARTMENT NUMBER 2, STREET NUMBER 2,LOS ANGELES, CALIFORNIA, US',1,1);
INSERT INTO USER VALUES('USER_ID_93','USER_NAME_93','USER_EMAIL_93',3,'APARTMENT NUMBER 3, STREET NUMBER 3,LOS ANGELES, CALIFORNIA,US',1,1);
INSERT INTO USER VALUES('USER_ID_94','USER_NAME_94','USER_EMAIL_94',1,'APARTMENT NUMBER 1, STREET NUMBER 1,LOS ANGELES, CALIFORNIA, US',1,1);
INSERT INTO USER VALUES('USER_ID_95','USER_NAME_95','USER_EMAIL_95',2,'APARTMENT NUMBER 2, STREET NUMBER 2,LOS ANGELES, CALIFORNIA, US',1,1);
INSERT INTO USER VALUES('USER_ID_96','USER_NAME_96','USER_EMAIL_96',3,'APARTMENT NUMBER 3, STREET NUMBER 3,LOS ANGELES, CALIFORNIA,US',1,1);
INSERT INTO USER VALUES('USER_ID_97','USER_NAME_97','USER_EMAIL_97',2,'APARTMENT NUMBER 2, STREET NUMBER 2,LOS ANGELES, CALIFORNIA, US',0,1);
INSERT INTO USER VALUES('USER_ID_98','USER_NAME_98','USER_EMAIL_98',3,'APARTMENT NUMBER 3, STREET NUMBER 3,LOS ANGELES, CALIFORNIA,US',0,1);
INSERT INTO USER VALUES('USER_ID_99','USER_NAME_99','USER_EMAIL_99',3,'APARTMENT NUMBER 3, STREET NUMBER 3,LOS ANGELES, CALIFORNIA,US',1,1);
INSERT INTO USER VALUES('USER_ID_100','USER_NAME_100','USER_EMAIL_100',3,'APARTMENT NUMBER 3, STREET NUMBER 3,LOS ANGELES, CALIFORNIA,US',1,1);
INSERT INTO USER VALUES('USER_ID_101','USER_NAME_101','USER_EMAIL_101',3,'APARTMENT NUMBER 3, STREET NUMBER 3,LOS ANGELES, CALIFORNIA,US',1,1);
INSERT INTO USER VALUES('USER_ID_102','USER_NAME_102','USER_EMAIL_102',3,'APARTMENT NUMBER 3, STREET NUMBER 3,LOS ANGELES, CALIFORNIA,US',1,1);
INSERT INTO USER VALUES('USER_ID_103','USER_NAME_103','USER_EMAIL_103',1,'APARTMENT NUMBER 1, STREET NUMBER 1,LOS ANGELES, CALIFORNIA, US',1,1);
INSERT INTO USER VALUES('USER_ID_104','USER_NAME_104','USER_EMAIL_104',2,'APARTMENT NUMBER 2, STREET NUMBER 2,LOS ANGELES, CALIFORNIA, US',1,1);
INSERT INTO USER VALUES('USER_ID_105','USER_NAME_105','USER_EMAIL_105',3,'APARTMENT NUMBER 3, STREET NUMBER 3,LOS ANGELES, CALIFORNIA,US',1,1);
INSERT INTO USER VALUES('USER_ID_106','USER_NAME_106','USER_EMAIL_106',1,'APARTMENT NUMBER 1, STREET NUMBER 1,LOS ANGELES, CALIFORNIA, US',1,1);
INSERT INTO USER VALUES('USER_ID_107','USER_NAME_107','USER_EMAIL_107',2,'APARTMENT NUMBER 2, STREET NUMBER 2,LOS ANGELES, CALIFORNIA, US',1,1);
INSERT INTO USER VALUES('USER_ID_108','USER_NAME_108','USER_EMAIL_108',3,'APARTMENT NUMBER 3, STREET NUMBER 3,LOS ANGELES, CALIFORNIA,US',1,1);
INSERT INTO USER VALUES('USER_ID_109','USER_NAME_109','USER_EMAIL_109',2,'APARTMENT NUMBER 2, STREET NUMBER 2,LOS ANGELES, CALIFORNIA, US',0,1);
INSERT INTO USER VALUES('USER_ID_110','USER_NAME_110','USER_EMAIL_110',3,'APARTMENT NUMBER 3, STREET NUMBER 3,LOS ANGELES, CALIFORNIA,US',0,1);
INSERT INTO USER VALUES('USER_ID_111','USER_NAME_111','USER_EMAIL_111',3,'APARTMENT NUMBER 3, STREET NUMBER 3,LOS ANGELES, CALIFORNIA,US',1,1);
INSERT INTO USER VALUES('USER_ID_112','USER_NAME_112','USER_EMAIL_112',3,'APARTMENT NUMBER 3, STREET NUMBER 3,LOS ANGELES, CALIFORNIA,US',1,1);
INSERT INTO USER VALUES('USER_ID_113','USER_NAME_113','USER_EMAIL_113',3,'APARTMENT NUMBER 3, STREET NUMBER 3,LOS ANGELES, CALIFORNIA,US',1,1);
INSERT INTO USER VALUES('USER_ID_114','USER_NAME_114','USER_EMAIL_114',3,'APARTMENT NUMBER 3, STREET NUMBER 3,LOS ANGELES, CALIFORNIA,US',1,1);
INSERT INTO USER VALUES('USER_ID_115','Taylor Swift','USER_EMAIL_115',3,'APARTMENT NUMBER 3, STREET NUMBER 3,LOS ANGELES, CALIFORNIA,US',1,1);


CREATE TABLE VIDEO_CREATOR(
USER_ID VARCHAR(35) NOT NULL UNIQUE,
CHANNEL_COUNT INTEGER,
REVENUE FLOAT,
NAME VARCHAR(35) NOT NULL UNIQUE,
EMAIL VARCHAR(35) NOT NULL UNIQUE,
PRIMARY KEY(USER_ID),
FOREIGN KEY(USER_ID) REFERENCES USER(USER_ID) ON UPDATE CASCADE,
FOREIGN KEY(NAME) REFERENCES USER(NAME) ON UPDATE CASCADE,
FOREIGN KEY(EMAIL) REFERENCES USER(EMAIL) ON UPDATE CASCADE); 


INSERT INTO VIDEO_CREATOR VALUES('USER_ID_1',1,1,'USER_NAME_1','USER_EMAIL_1');
INSERT INTO VIDEO_CREATOR VALUES('USER_ID_2',1,1,'USER_NAME_2','USER_EMAIL_2');
INSERT INTO VIDEO_CREATOR VALUES('USER_ID_3',1,1,'USER_NAME_3','USER_EMAIL_3');
INSERT INTO VIDEO_CREATOR VALUES('USER_ID_4',1,1,'Marvel Entertainment','USER_EMAIL_4');
INSERT INTO VIDEO_CREATOR VALUES('USER_ID_5',1,1,'USER_NAME_5','USER_EMAIL_5');
INSERT INTO VIDEO_CREATOR VALUES('USER_ID_6',1,1,'Marvel Entertainment 1','USER_EMAIL_6');
INSERT INTO VIDEO_CREATOR VALUES('USER_ID_7',1,1,'Marvel Entertainment 2','USER_EMAIL_7');
INSERT INTO VIDEO_CREATOR VALUES('USER_ID_115',1,1,'Taylor Swift','USER_EMAIL_115');

CREATE TABLE VIDEO_CONSUMER(
USER_ID VARCHAR(35) NOT NULL UNIQUE,
SUBSCIPTION_COUNT INTEGER,
PRIMARY KEY(USER_ID),
FOREIGN KEY(USER_ID) REFERENCES USER(USER_ID) ON UPDATE CASCADE); 

INSERT INTO VIDEO_CONSUMER VALUES('USER_ID_5',1);
INSERT INTO VIDEO_CONSUMER VALUES('USER_ID_6',1);

CREATE TABLE CHANNEL(
CHANNEL_ID INTEGER NOT NULL UNIQUE,
NAME VARCHAR(35),
OWNER VARCHAR(35),
SUBSCRIPTION_COUNT INTEGER,
CREATION_DETAILS VARCHAR(35),
PRIMARY KEY(CHANNEL_ID),
FOREIGN KEY(OWNER) REFERENCES VIDEO_CREATOR(USER_ID) ON UPDATE CASCADE);

INSERT INTO CHANNEL VALUES(1,'CHANNEL_NAME_1','USER_ID_1', 100,'CREATED ON 01.01.2023');
INSERT INTO CHANNEL VALUES(2,'CHANNEL_NAME_2','USER_ID_1', 200,'CREATED ON 01.01.2023');
INSERT INTO CHANNEL VALUES(3,'CHANNEL_NAME_3','USER_ID_1', 300,'CREATED ON 02.01.2023');
INSERT INTO CHANNEL VALUES(4,'CHANNEL_NAME_4','USER_ID_1', 400,'CREATED ON 03.01.2023');
INSERT INTO CHANNEL VALUES(5,'CHANNEL_NAME_5','USER_ID_4', 300,'CREATED ON 02.01.2023');
INSERT INTO CHANNEL VALUES(6,'CHANNEL_NAME_6','USER_ID_4', 400,'CREATED ON 03.01.2023'); 
INSERT INTO CHANNEL VALUES(7,'CHANNEL_NAME_7','USER_ID_115', 400,'CREATED ON 03.01.2023'); 


CREATE TABLE SUBSCRIPTION(
SUBSCRIPTION_ID VARCHAR(35) NOT NULL UNIQUE,
SUBSCRIPTION_TYPE VARCHAR(35) NOT NULL,
USER_ID VARCHAR(35),
CHANNEL_ID INTEGER,
PRIMARY KEY(SUBSCRIPTION_ID,SUBSCRIPTION_TYPE),
FOREIGN KEY(USER_ID) REFERENCES USER(USER_ID) ON UPDATE CASCADE,
FOREIGN KEY (CHANNEL_ID) REFERENCES CHANNEL(CHANNEL_ID) ON UPDATE CASCADE);

INSERT INTO SUBSCRIPTION VALUES('SUBSCRIPTION_ID_1','PAID', 'USER_ID_2',1);
INSERT INTO SUBSCRIPTION VALUES('SUBSCRIPTION_ID_2','PAID', 'USER_ID_3',2);
INSERT INTO SUBSCRIPTION VALUES('SUBSCRIPTION_ID_3','FREE', 'USER_ID_5',1);
INSERT INTO SUBSCRIPTION VALUES('SUBSCRIPTION_ID_4','FREE', 'USER_ID_6',2);
INSERT INTO SUBSCRIPTION VALUES('SUBSCRIPTION_ID_5','PAID', 'USER_ID_7',1);
INSERT INTO SUBSCRIPTION VALUES('SUBSCRIPTION_ID_6','PAID', 'USER_ID_8',2);
INSERT INTO SUBSCRIPTION VALUES('SUBSCRIPTION_ID_7','FREE', 'USER_ID_9',3);
INSERT INTO SUBSCRIPTION VALUES('SUBSCRIPTION_ID_8','FREE', 'USER_ID_10',4);
INSERT INTO SUBSCRIPTION VALUES('SUBSCRIPTION_ID_9','PAID', 'USER_ID_11',1);
INSERT INTO SUBSCRIPTION VALUES('SUBSCRIPTION_ID_10','PAID', 'USER_ID_12',1);
INSERT INTO SUBSCRIPTION VALUES('SUBSCRIPTION_ID_11','PAID', 'USER_ID_13',1);
INSERT INTO SUBSCRIPTION VALUES('SUBSCRIPTION_ID_12','PAID', 'USER_ID_14',1);
INSERT INTO SUBSCRIPTION VALUES('SUBSCRIPTION_ID_13','PAID', 'USER_ID_15',2);
INSERT INTO SUBSCRIPTION VALUES('SUBSCRIPTION_ID_14','PAID', 'USER_ID_16',2);
INSERT INTO SUBSCRIPTION VALUES('SUBSCRIPTION_ID_15','PAID', 'USER_ID_17',2);
INSERT INTO SUBSCRIPTION VALUES('SUBSCRIPTION_ID_16','PAID', 'USER_ID_18',3);
INSERT INTO SUBSCRIPTION VALUES('SUBSCRIPTION_ID_17','PAID', 'USER_ID_19',1);
INSERT INTO SUBSCRIPTION VALUES('SUBSCRIPTION_ID_18','PAID', 'USER_ID_20',1);
INSERT INTO SUBSCRIPTION VALUES('SUBSCRIPTION_ID_19','PAID', 'USER_ID_21',1);
INSERT INTO SUBSCRIPTION VALUES('SUBSCRIPTION_ID_20','PAID', 'USER_ID_22',1);
INSERT INTO SUBSCRIPTION VALUES('SUBSCRIPTION_ID_21','PAID', 'USER_ID_101',1);
INSERT INTO SUBSCRIPTION VALUES('SUBSCRIPTION_ID_22','PAID', 'USER_ID_102',1);
INSERT INTO SUBSCRIPTION VALUES('SUBSCRIPTION_ID_23','PAID', 'USER_ID_23',1);
INSERT INTO SUBSCRIPTION VALUES('SUBSCRIPTION_ID_24','PAID', 'USER_ID_24',1);
INSERT INTO SUBSCRIPTION VALUES('SUBSCRIPTION_ID_25','PAID', 'USER_ID_25',1);
INSERT INTO SUBSCRIPTION VALUES('SUBSCRIPTION_ID_26','PAID', 'USER_ID_26',1);
INSERT INTO SUBSCRIPTION VALUES('SUBSCRIPTION_ID_27','PAID', 'USER_ID_27',1);
INSERT INTO SUBSCRIPTION VALUES('SUBSCRIPTION_ID_28','PAID', 'USER_ID_28',1);
INSERT INTO SUBSCRIPTION VALUES('SUBSCRIPTION_ID_29','PAID', 'USER_ID_29',1);
INSERT INTO SUBSCRIPTION VALUES('SUBSCRIPTION_ID_30','PAID', 'USER_ID_30',1);
INSERT INTO SUBSCRIPTION VALUES('SUBSCRIPTION_ID_31','PAID', 'USER_ID_31',1);
INSERT INTO SUBSCRIPTION VALUES('SUBSCRIPTION_ID_32','PAID', 'USER_ID_32',1);
INSERT INTO SUBSCRIPTION VALUES('SUBSCRIPTION_ID_33','PAID', 'USER_ID_33',1);
INSERT INTO SUBSCRIPTION VALUES('SUBSCRIPTION_ID_34','PAID', 'USER_ID_34',1);
INSERT INTO SUBSCRIPTION VALUES('SUBSCRIPTION_ID_35','PAID', 'USER_ID_35',1);
INSERT INTO SUBSCRIPTION VALUES('SUBSCRIPTION_ID_36','PAID', 'USER_ID_36',1);
INSERT INTO SUBSCRIPTION VALUES('SUBSCRIPTION_ID_37','PAID', 'USER_ID_37',1);
INSERT INTO SUBSCRIPTION VALUES('SUBSCRIPTION_ID_38','PAID', 'USER_ID_38',1);
INSERT INTO SUBSCRIPTION VALUES('SUBSCRIPTION_ID_39','PAID', 'USER_ID_39',1);
INSERT INTO SUBSCRIPTION VALUES('SUBSCRIPTION_ID_40','PAID', 'USER_ID_40',1);
INSERT INTO SUBSCRIPTION VALUES('SUBSCRIPTION_ID_41','PAID', 'USER_ID_41',1);
INSERT INTO SUBSCRIPTION VALUES('SUBSCRIPTION_ID_42','PAID', 'USER_ID_42',1);
INSERT INTO SUBSCRIPTION VALUES('SUBSCRIPTION_ID_43','PAID', 'USER_ID_43',1);
INSERT INTO SUBSCRIPTION VALUES('SUBSCRIPTION_ID_44','PAID', 'USER_ID_44',1);
INSERT INTO SUBSCRIPTION VALUES('SUBSCRIPTION_ID_45','PAID', 'USER_ID_45',1);
INSERT INTO SUBSCRIPTION VALUES('SUBSCRIPTION_ID_46','PAID', 'USER_ID_46',1);
INSERT INTO SUBSCRIPTION VALUES('SUBSCRIPTION_ID_47','PAID', 'USER_ID_47',1);
INSERT INTO SUBSCRIPTION VALUES('SUBSCRIPTION_ID_48','PAID', 'USER_ID_48',1);
INSERT INTO SUBSCRIPTION VALUES('SUBSCRIPTION_ID_49','PAID', 'USER_ID_49',1);
INSERT INTO SUBSCRIPTION VALUES('SUBSCRIPTION_ID_50','PAID', 'USER_ID_50',1);
INSERT INTO SUBSCRIPTION VALUES('SUBSCRIPTION_ID_51','PAID', 'USER_ID_51',1);
INSERT INTO SUBSCRIPTION VALUES('SUBSCRIPTION_ID_52','PAID', 'USER_ID_52',1);
INSERT INTO SUBSCRIPTION VALUES('SUBSCRIPTION_ID_53','PAID', 'USER_ID_53',1);
INSERT INTO SUBSCRIPTION VALUES('SUBSCRIPTION_ID_54','PAID', 'USER_ID_54',1);
INSERT INTO SUBSCRIPTION VALUES('SUBSCRIPTION_ID_55','PAID', 'USER_ID_55',1);
INSERT INTO SUBSCRIPTION VALUES('SUBSCRIPTION_ID_56','PAID', 'USER_ID_56',1);
INSERT INTO SUBSCRIPTION VALUES('SUBSCRIPTION_ID_57','PAID', 'USER_ID_57',1);
INSERT INTO SUBSCRIPTION VALUES('SUBSCRIPTION_ID_58','PAID', 'USER_ID_58',1);
INSERT INTO SUBSCRIPTION VALUES('SUBSCRIPTION_ID_59','PAID', 'USER_ID_59',1);
INSERT INTO SUBSCRIPTION VALUES('SUBSCRIPTION_ID_60','PAID', 'USER_ID_60',1);
INSERT INTO SUBSCRIPTION VALUES('SUBSCRIPTION_ID_61','PAID', 'USER_ID_61',1);
INSERT INTO SUBSCRIPTION VALUES('SUBSCRIPTION_ID_62','PAID', 'USER_ID_62',1);
INSERT INTO SUBSCRIPTION VALUES('SUBSCRIPTION_ID_63','PAID', 'USER_ID_63',1);
INSERT INTO SUBSCRIPTION VALUES('SUBSCRIPTION_ID_64','PAID', 'USER_ID_64',1);
INSERT INTO SUBSCRIPTION VALUES('SUBSCRIPTION_ID_65','PAID', 'USER_ID_65',1);
INSERT INTO SUBSCRIPTION VALUES('SUBSCRIPTION_ID_66','PAID', 'USER_ID_66',1);
INSERT INTO SUBSCRIPTION VALUES('SUBSCRIPTION_ID_67','PAID', 'USER_ID_67',1);
INSERT INTO SUBSCRIPTION VALUES('SUBSCRIPTION_ID_68','PAID', 'USER_ID_68',1);
INSERT INTO SUBSCRIPTION VALUES('SUBSCRIPTION_ID_69','PAID', 'USER_ID_69',1);
INSERT INTO SUBSCRIPTION VALUES('SUBSCRIPTION_ID_70','PAID', 'USER_ID_70',1);
INSERT INTO SUBSCRIPTION VALUES('SUBSCRIPTION_ID_71','PAID', 'USER_ID_71',1);
INSERT INTO SUBSCRIPTION VALUES('SUBSCRIPTION_ID_72','PAID', 'USER_ID_72',1);
INSERT INTO SUBSCRIPTION VALUES('SUBSCRIPTION_ID_73','PAID', 'USER_ID_73',1);
INSERT INTO SUBSCRIPTION VALUES('SUBSCRIPTION_ID_74','PAID', 'USER_ID_74',1);
INSERT INTO SUBSCRIPTION VALUES('SUBSCRIPTION_ID_75','PAID', 'USER_ID_75',1);
INSERT INTO SUBSCRIPTION VALUES('SUBSCRIPTION_ID_76','PAID', 'USER_ID_76',1);
INSERT INTO SUBSCRIPTION VALUES('SUBSCRIPTION_ID_77','PAID', 'USER_ID_77',1);
INSERT INTO SUBSCRIPTION VALUES('SUBSCRIPTION_ID_78','PAID', 'USER_ID_78',1);
INSERT INTO SUBSCRIPTION VALUES('SUBSCRIPTION_ID_79','PAID', 'USER_ID_79',1);
INSERT INTO SUBSCRIPTION VALUES('SUBSCRIPTION_ID_80','PAID', 'USER_ID_80',1);
INSERT INTO SUBSCRIPTION VALUES('SUBSCRIPTION_ID_81','PAID', 'USER_ID_81',1);
INSERT INTO SUBSCRIPTION VALUES('SUBSCRIPTION_ID_82','PAID', 'USER_ID_82',1);
INSERT INTO SUBSCRIPTION VALUES('SUBSCRIPTION_ID_83','PAID', 'USER_ID_83',1);
INSERT INTO SUBSCRIPTION VALUES('SUBSCRIPTION_ID_84','PAID', 'USER_ID_84',1);
INSERT INTO SUBSCRIPTION VALUES('SUBSCRIPTION_ID_85','PAID', 'USER_ID_85',1);
INSERT INTO SUBSCRIPTION VALUES('SUBSCRIPTION_ID_86','PAID', 'USER_ID_86',1);
INSERT INTO SUBSCRIPTION VALUES('SUBSCRIPTION_ID_87','PAID', 'USER_ID_87',1);
INSERT INTO SUBSCRIPTION VALUES('SUBSCRIPTION_ID_88','PAID', 'USER_ID_88',1);
INSERT INTO SUBSCRIPTION VALUES('SUBSCRIPTION_ID_89','PAID', 'USER_ID_89',1);
INSERT INTO SUBSCRIPTION VALUES('SUBSCRIPTION_ID_90','PAID', 'USER_ID_90',1);
INSERT INTO SUBSCRIPTION VALUES('SUBSCRIPTION_ID_91','PAID', 'USER_ID_91',1);
INSERT INTO SUBSCRIPTION VALUES('SUBSCRIPTION_ID_92','PAID', 'USER_ID_92',1);
INSERT INTO SUBSCRIPTION VALUES('SUBSCRIPTION_ID_93','PAID', 'USER_ID_93',1);
INSERT INTO SUBSCRIPTION VALUES('SUBSCRIPTION_ID_94','PAID', 'USER_ID_94',1);
INSERT INTO SUBSCRIPTION VALUES('SUBSCRIPTION_ID_95','PAID', 'USER_ID_95',1);
INSERT INTO SUBSCRIPTION VALUES('SUBSCRIPTION_ID_96','PAID', 'USER_ID_96',1);
INSERT INTO SUBSCRIPTION VALUES('SUBSCRIPTION_ID_97','PAID', 'USER_ID_97',1);
INSERT INTO SUBSCRIPTION VALUES('SUBSCRIPTION_ID_98','PAID', 'USER_ID_98',1);
INSERT INTO SUBSCRIPTION VALUES('SUBSCRIPTION_ID_99','PAID', 'USER_ID_99',1);
INSERT INTO SUBSCRIPTION VALUES('SUBSCRIPTION_ID_100','PAID', 'USER_ID_100',1);
INSERT INTO SUBSCRIPTION VALUES('SUBSCRIPTION_ID_101','PAID', 'USER_ID_111',1);
INSERT INTO SUBSCRIPTION VALUES('SUBSCRIPTION_ID_102','PAID', 'USER_ID_112',1);
INSERT INTO SUBSCRIPTION VALUES('SUBSCRIPTION_ID_103','PAID', 'USER_ID_103',1);
INSERT INTO SUBSCRIPTION VALUES('SUBSCRIPTION_ID_104','PAID', 'USER_ID_104',1);
INSERT INTO SUBSCRIPTION VALUES('SUBSCRIPTION_ID_105','PAID', 'USER_ID_105',1);
INSERT INTO SUBSCRIPTION VALUES('SUBSCRIPTION_ID_106','PAID', 'USER_ID_106',1);
INSERT INTO SUBSCRIPTION VALUES('SUBSCRIPTION_ID_107','PAID', 'USER_ID_107',1);
INSERT INTO SUBSCRIPTION VALUES('SUBSCRIPTION_ID_108','PAID', 'USER_ID_108',1);
INSERT INTO SUBSCRIPTION VALUES('SUBSCRIPTION_ID_109','PAID', 'USER_ID_109',1);
INSERT INTO SUBSCRIPTION VALUES('SUBSCRIPTION_ID_110','PAID', 'USER_ID_110',1);
INSERT INTO SUBSCRIPTION VALUES('SUBSCRIPTION_ID_111','PAID', 'USER_ID_113',1);


CREATE TABLE PAID_SUBSCRIPTION(
SUBSCRIPTION_ID VARCHAR(35) NOT NULL UNIQUE,
SUBSCRIPTION_TYPE VARCHAR(35) NOT NULL,
PRIMARY KEY(SUBSCRIPTION_ID,SUBSCRIPTION_TYPE),
FOREIGN KEY(SUBSCRIPTION_ID,SUBSCRIPTION_TYPE) REFERENCES SUBSCRIPTION(SUBSCRIPTION_ID,SUBSCRIPTION_TYPE) ON UPDATE CASCADE);


INSERT INTO PAID_SUBSCRIPTION VALUES('SUBSCRIPTION_ID_1','PAID');
INSERT INTO PAID_SUBSCRIPTION VALUES('SUBSCRIPTION_ID_2','PAID');
INSERT INTO PAID_SUBSCRIPTION VALUES('SUBSCRIPTION_ID_10','PAID');
INSERT INTO PAID_SUBSCRIPTION VALUES('SUBSCRIPTION_ID_11','PAID');
INSERT INTO PAID_SUBSCRIPTION VALUES('SUBSCRIPTION_ID_12','PAID');
INSERT INTO PAID_SUBSCRIPTION VALUES('SUBSCRIPTION_ID_13','PAID');
INSERT INTO PAID_SUBSCRIPTION VALUES('SUBSCRIPTION_ID_14','PAID');
INSERT INTO PAID_SUBSCRIPTION VALUES('SUBSCRIPTION_ID_15','PAID');
INSERT INTO PAID_SUBSCRIPTION VALUES('SUBSCRIPTION_ID_16','PAID');
INSERT INTO PAID_SUBSCRIPTION VALUES('SUBSCRIPTION_ID_17','PAID');
INSERT INTO PAID_SUBSCRIPTION VALUES('SUBSCRIPTION_ID_18','PAID');
INSERT INTO PAID_SUBSCRIPTION VALUES('SUBSCRIPTION_ID_19','PAID');
INSERT INTO PAID_SUBSCRIPTION VALUES('SUBSCRIPTION_ID_20','PAID');
INSERT INTO PAID_SUBSCRIPTION VALUES('SUBSCRIPTION_ID_21','PAID');
INSERT INTO PAID_SUBSCRIPTION VALUES('SUBSCRIPTION_ID_22','PAID');
INSERT INTO PAID_SUBSCRIPTION VALUES('SUBSCRIPTION_ID_23','PAID');
INSERT INTO PAID_SUBSCRIPTION VALUES('SUBSCRIPTION_ID_24','PAID');
INSERT INTO PAID_SUBSCRIPTION VALUES('SUBSCRIPTION_ID_25','PAID');
INSERT INTO PAID_SUBSCRIPTION VALUES('SUBSCRIPTION_ID_26','PAID');
INSERT INTO PAID_SUBSCRIPTION VALUES('SUBSCRIPTION_ID_27','PAID');
INSERT INTO PAID_SUBSCRIPTION VALUES('SUBSCRIPTION_ID_28','PAID');
INSERT INTO PAID_SUBSCRIPTION VALUES('SUBSCRIPTION_ID_29','PAID');
INSERT INTO PAID_SUBSCRIPTION VALUES('SUBSCRIPTION_ID_30','PAID');
INSERT INTO PAID_SUBSCRIPTION VALUES('SUBSCRIPTION_ID_31','PAID');
INSERT INTO PAID_SUBSCRIPTION VALUES('SUBSCRIPTION_ID_32','PAID');
INSERT INTO PAID_SUBSCRIPTION VALUES('SUBSCRIPTION_ID_33','PAID');
INSERT INTO PAID_SUBSCRIPTION VALUES('SUBSCRIPTION_ID_34','PAID');
INSERT INTO PAID_SUBSCRIPTION VALUES('SUBSCRIPTION_ID_35','PAID');
INSERT INTO PAID_SUBSCRIPTION VALUES('SUBSCRIPTION_ID_36','PAID');
INSERT INTO PAID_SUBSCRIPTION VALUES('SUBSCRIPTION_ID_37','PAID');
INSERT INTO PAID_SUBSCRIPTION VALUES('SUBSCRIPTION_ID_38','PAID');
INSERT INTO PAID_SUBSCRIPTION VALUES('SUBSCRIPTION_ID_39','PAID');
INSERT INTO PAID_SUBSCRIPTION VALUES('SUBSCRIPTION_ID_40','PAID');
INSERT INTO PAID_SUBSCRIPTION VALUES('SUBSCRIPTION_ID_41','PAID');
INSERT INTO PAID_SUBSCRIPTION VALUES('SUBSCRIPTION_ID_42','PAID');
INSERT INTO PAID_SUBSCRIPTION VALUES('SUBSCRIPTION_ID_43','PAID');
INSERT INTO PAID_SUBSCRIPTION VALUES('SUBSCRIPTION_ID_44','PAID');
INSERT INTO PAID_SUBSCRIPTION VALUES('SUBSCRIPTION_ID_45','PAID');
INSERT INTO PAID_SUBSCRIPTION VALUES('SUBSCRIPTION_ID_46','PAID');
INSERT INTO PAID_SUBSCRIPTION VALUES('SUBSCRIPTION_ID_47','PAID');
INSERT INTO PAID_SUBSCRIPTION VALUES('SUBSCRIPTION_ID_48','PAID');
INSERT INTO PAID_SUBSCRIPTION VALUES('SUBSCRIPTION_ID_49','PAID');
INSERT INTO PAID_SUBSCRIPTION VALUES('SUBSCRIPTION_ID_50','PAID');
INSERT INTO PAID_SUBSCRIPTION VALUES('SUBSCRIPTION_ID_51','PAID');
INSERT INTO PAID_SUBSCRIPTION VALUES('SUBSCRIPTION_ID_52','PAID');
INSERT INTO PAID_SUBSCRIPTION VALUES('SUBSCRIPTION_ID_53','PAID');
INSERT INTO PAID_SUBSCRIPTION VALUES('SUBSCRIPTION_ID_54','PAID');
INSERT INTO PAID_SUBSCRIPTION VALUES('SUBSCRIPTION_ID_55','PAID');
INSERT INTO PAID_SUBSCRIPTION VALUES('SUBSCRIPTION_ID_56','PAID');
INSERT INTO PAID_SUBSCRIPTION VALUES('SUBSCRIPTION_ID_57','PAID');
INSERT INTO PAID_SUBSCRIPTION VALUES('SUBSCRIPTION_ID_58','PAID');
INSERT INTO PAID_SUBSCRIPTION VALUES('SUBSCRIPTION_ID_59','PAID');
INSERT INTO PAID_SUBSCRIPTION VALUES('SUBSCRIPTION_ID_60','PAID');
INSERT INTO PAID_SUBSCRIPTION VALUES('SUBSCRIPTION_ID_61','PAID');
INSERT INTO PAID_SUBSCRIPTION VALUES('SUBSCRIPTION_ID_62','PAID');
INSERT INTO PAID_SUBSCRIPTION VALUES('SUBSCRIPTION_ID_63','PAID');
INSERT INTO PAID_SUBSCRIPTION VALUES('SUBSCRIPTION_ID_64','PAID');
INSERT INTO PAID_SUBSCRIPTION VALUES('SUBSCRIPTION_ID_65','PAID');
INSERT INTO PAID_SUBSCRIPTION VALUES('SUBSCRIPTION_ID_66','PAID');
INSERT INTO PAID_SUBSCRIPTION VALUES('SUBSCRIPTION_ID_67','PAID');
INSERT INTO PAID_SUBSCRIPTION VALUES('SUBSCRIPTION_ID_68','PAID');
INSERT INTO PAID_SUBSCRIPTION VALUES('SUBSCRIPTION_ID_69','PAID');
INSERT INTO PAID_SUBSCRIPTION VALUES('SUBSCRIPTION_ID_70','PAID');
INSERT INTO PAID_SUBSCRIPTION VALUES('SUBSCRIPTION_ID_71','PAID');
INSERT INTO PAID_SUBSCRIPTION VALUES('SUBSCRIPTION_ID_72','PAID');
INSERT INTO PAID_SUBSCRIPTION VALUES('SUBSCRIPTION_ID_73','PAID');
INSERT INTO PAID_SUBSCRIPTION VALUES('SUBSCRIPTION_ID_74','PAID');
INSERT INTO PAID_SUBSCRIPTION VALUES('SUBSCRIPTION_ID_75','PAID');
INSERT INTO PAID_SUBSCRIPTION VALUES('SUBSCRIPTION_ID_76','PAID');
INSERT INTO PAID_SUBSCRIPTION VALUES('SUBSCRIPTION_ID_77','PAID');
INSERT INTO PAID_SUBSCRIPTION VALUES('SUBSCRIPTION_ID_78','PAID');
INSERT INTO PAID_SUBSCRIPTION VALUES('SUBSCRIPTION_ID_79','PAID');
INSERT INTO PAID_SUBSCRIPTION VALUES('SUBSCRIPTION_ID_80','PAID');
INSERT INTO PAID_SUBSCRIPTION VALUES('SUBSCRIPTION_ID_91','PAID');
INSERT INTO PAID_SUBSCRIPTION VALUES('SUBSCRIPTION_ID_92','PAID');
INSERT INTO PAID_SUBSCRIPTION VALUES('SUBSCRIPTION_ID_93','PAID');
INSERT INTO PAID_SUBSCRIPTION VALUES('SUBSCRIPTION_ID_94','PAID');
INSERT INTO PAID_SUBSCRIPTION VALUES('SUBSCRIPTION_ID_95','PAID');
INSERT INTO PAID_SUBSCRIPTION VALUES('SUBSCRIPTION_ID_96','PAID');
INSERT INTO PAID_SUBSCRIPTION VALUES('SUBSCRIPTION_ID_97','PAID');
INSERT INTO PAID_SUBSCRIPTION VALUES('SUBSCRIPTION_ID_98','PAID');
INSERT INTO PAID_SUBSCRIPTION VALUES('SUBSCRIPTION_ID_99','PAID');
INSERT INTO PAID_SUBSCRIPTION VALUES('SUBSCRIPTION_ID_100','PAID');
INSERT INTO PAID_SUBSCRIPTION VALUES('SUBSCRIPTION_ID_101','PAID');
INSERT INTO PAID_SUBSCRIPTION VALUES('SUBSCRIPTION_ID_102','PAID');
INSERT INTO PAID_SUBSCRIPTION VALUES('SUBSCRIPTION_ID_103','PAID');
INSERT INTO PAID_SUBSCRIPTION VALUES('SUBSCRIPTION_ID_104','PAID');
INSERT INTO PAID_SUBSCRIPTION VALUES('SUBSCRIPTION_ID_105','PAID');
INSERT INTO PAID_SUBSCRIPTION VALUES('SUBSCRIPTION_ID_106','PAID');
INSERT INTO PAID_SUBSCRIPTION VALUES('SUBSCRIPTION_ID_107','PAID');
INSERT INTO PAID_SUBSCRIPTION VALUES('SUBSCRIPTION_ID_108','PAID');
INSERT INTO PAID_SUBSCRIPTION VALUES('SUBSCRIPTION_ID_109','PAID');
INSERT INTO PAID_SUBSCRIPTION VALUES('SUBSCRIPTION_ID_110','PAID');
INSERT INTO PAID_SUBSCRIPTION VALUES('SUBSCRIPTION_ID_111','PAID');





CREATE TABLE FREE_SUBSCRIPTION(
SUBSCRIPTION_ID VARCHAR(35) NOT NULL UNIQUE,
SUBSCRIPTION_TYPE VARCHAR(35) NOT NULL,
PRIMARY KEY(SUBSCRIPTION_ID,SUBSCRIPTION_TYPE),
FOREIGN KEY(SUBSCRIPTION_ID,SUBSCRIPTION_TYPE) REFERENCES SUBSCRIPTION(SUBSCRIPTION_ID,SUBSCRIPTION_TYPE) ON UPDATE CASCADE);

INSERT INTO FREE_SUBSCRIPTION VALUES('SUBSCRIPTION_ID_3','FREE');
INSERT INTO FREE_SUBSCRIPTION VALUES('SUBSCRIPTION_ID_4','FREE');

CREATE TABLE VIDEO(
URL VARCHAR(35) NOT NULL UNIQUE,
VIDEO_ID VARCHAR(35) NOT NULL UNIQUE,
THUMBNAIL VARCHAR(35),
CATEGORY VARCHAR(35),
DURATION TIME,
DESCIPTION VARCHAR(35),
UPLOADER_ID VARCHAR(35),
UPLOAD_TIME TIME,
UPLOAD_DATE DATE,
TITLE VARCHAR(35),
VIDEO_TYPE VARCHAR(35),
CHANNEL_ID INTEGER,
PRIMARY KEY (URL,VIDEO_ID),
FOREIGN KEY (UPLOADER_ID) REFERENCES VIDEO_CREATOR(USER_ID) ON UPDATE CASCADE,
FOREIGN KEY (CHANNEL_ID) REFERENCES CHANNEL(CHANNEL_ID) ON UPDATE CASCADE);

INSERT INTO VIDEO VALUES('URL_1','VIDEO_ID_1','THUMBNAIL_1','CATEGORY_1',10,'DESCRIPTION_1','USER_ID_1',10,'2023-01-22','TITILE_1','VIDEO_TYPE_1',1);
INSERT INTO VIDEO VALUES('URL_2','VIDEO_ID_2','THUMBNAIL_2','CATEGORY_2',10,'DESCRIPTION_2','USER_ID_2',10,'2023-01-22','TITILE_2','VIDEO_TYPE_1',1);
INSERT INTO VIDEO VALUES('URL_3','VIDEO_ID_3','THUMBNAIL_3','CATEGORY_3',10,'DESCRIPTION_3','USER_ID_3',10,'2023-01-22','TITILE_3','VIDEO_TYPE_2',1);
INSERT INTO VIDEO VALUES('URL_4','VIDEO_ID_4','THUMBNAIL_4','CATEGORY_4',10,'DESCRIPTION_4','USER_ID_3',10,'2023-01-22','TITILE_4','VIDEO_TYPE_3',1);
INSERT INTO VIDEO VALUES('URL_5','VIDEO_ID_5','THUMBNAIL_1','CATEGORY_1',10,'DESCRIPTION_1','USER_ID_1',10,'2023-01-22','TITILE_5','VIDEO_TYPE_1',2);
INSERT INTO VIDEO VALUES('URL_6','VIDEO_ID_6','THUMBNAIL_2','CATEGORY_2',10,'DESCRIPTION_2','USER_ID_2',10,'2023-01-22','TITILE_6','VIDEO_TYPE_1',3);
INSERT INTO VIDEO VALUES('URL_7','VIDEO_ID_7','THUMBNAIL_3','CATEGORY_3',10,'DESCRIPTION_3','USER_ID_4',10,'2023-01-22','TITILE_7','VIDEO_TYPE_2',5);
INSERT INTO VIDEO VALUES('URL_8','VIDEO_ID_8','THUMBNAIL_4','CATEGORY_4',10,'DESCRIPTION_4','USER_ID_4',10,'2023-01-22','TITILE_8','VIDEO_TYPE_3',5);
INSERT INTO VIDEO VALUES('URL_9','VIDEO_ID_9','THUMBNAIL_4','CATEGORY_4',10,'DESCRIPTION_4','USER_ID_4',10,'2023-01-01','TITILE_9','VIDEO_TYPE_3',5);
INSERT INTO VIDEO VALUES('URL_10','VIDEO_ID_10','THUMBNAIL_4','CATEGORY_4',10,'DESCRIPTION_4','USER_ID_4',10,'2023-01-08','TITILE_10','VIDEO_TYPE_3',5);
INSERT INTO VIDEO VALUES('URL_11','VIDEO_ID_11','THUMBNAIL_4','CATEGORY_4',10,'DESCRIPTION_4','USER_ID_4',10,'2023-01-15','TITILE_11','VIDEO_TYPE_3',5);
INSERT INTO VIDEO VALUES('URL_12','VIDEO_ID_12','THUMBNAIL_4','CATEGORY_4',10,'DESCRIPTION_4','USER_ID_4',10,'2023-01-22','TITILE_12','VIDEO_TYPE_3',5);
INSERT INTO VIDEO VALUES('URL_13','VIDEO_ID_13','THUMBNAIL_4','CATEGORY_4',10,'DESCRIPTION_4','USER_ID_4',10,'2023-01-29','TITILE_13','VIDEO_TYPE_3',5);
INSERT INTO VIDEO VALUES('URL_14','VIDEO_ID_14','THUMBNAIL_4','CATEGORY_4',10,'DESCRIPTION_4','USER_ID_4',10,'2023-01-30','TITILE_14','VIDEO_TYPE_3',5);
INSERT INTO VIDEO VALUES('URL_15','VIDEO_ID_15','THUMBNAIL_4','CATEGORY_4',10,'DESCRIPTION_4','USER_ID_4',10,'2023-01-22','TITILE_15','VIDEO_TYPE_3',5);
INSERT INTO VIDEO VALUES('URL_16','VIDEO_ID_16','THUMBNAIL_4','CATEGORY_4',10,'DESCRIPTION_4','USER_ID_4',10,'2023-01-29','TITILE_16','VIDEO_TYPE_3',5);
INSERT INTO VIDEO VALUES('URL_17','VIDEO_ID_17','THUMBNAIL_17','CATEGORY_17',10,'DESCRIPTION_17','USER_ID_115',10,'2023-01-29','TITILE_17','VIDEO_TYPE_1',7);
INSERT INTO VIDEO VALUES('URL_18','VIDEO_ID_18','THUMBNAIL_18','CATEGORY_18',10,'DESCRIPTION_18','USER_ID_115',10,'2023-01-29','TITILE_18','VIDEO_TYPE_1',7);
INSERT INTO VIDEO VALUES('URL_19','VIDEO_ID_19','THUMBNAIL_19','CATEGORY_19',10,'DESCRIPTION_19','USER_ID_115',10,'2023-01-29','TITILE_19','VIDEO_TYPE_1',7);

CREATE TABLE SPONSER(
SPONSER_ID VARCHAR(35) NOT NULL,
NAME VARCHAR(35),
PHONE VARCHAR(35),
ADDRESS VARCHAR(100),
AMOUNT_SPONSERED INTEGER,
VIDEO_ID VARCHAR(35),
PRIMARY KEY(SPONSER_ID,VIDEO_ID),
FOREIGN KEY(VIDEO_ID) REFERENCES VIDEO(VIDEO_ID) ON UPDATE CASCADE);

INSERT INTO SPONSER VALUES('SPONSER_ID_1','SPONSER_1','111-222-3333','APARTMENT NUMBER 1, STREET NUMBER 1,LOS ANGELES, CALIFORNIA', 1000,'VIDEO_ID_1');
INSERT INTO SPONSER VALUES('SPONSER_ID_2','SPONSER_2','111-222-3334','APARTMENT NUMBER 2, STREET NUMBER 2,LOS ANGELES, CALIFORNIA', 2000,'VIDEO_ID_1');
INSERT INTO SPONSER VALUES('SPONSER_ID_3','SPONSER_3','111-222-3335','APARTMENT NUMBER 3, STREET NUMBER 3,LOS ANGELES, CALIFORNIA', 3000,'VIDEO_ID_2');
INSERT INTO SPONSER VALUES('SPONSER_ID_4','SPONSER_4','111-222-3336','APARTMENT NUMBER 4, STREET NUMBER 4,LOS ANGELES, CALIFORNIA', 4000,'VIDEO_ID_3');
INSERT INTO SPONSER VALUES('SPONSER_ID_5','SPONSER_5','111-222-3337','APARTMENT NUMBER 5, STREET NUMBER 5,LOS ANGELES, CALIFORNIA', 5000,'VIDEO_ID_5');
INSERT INTO SPONSER VALUES('SPONSER_ID_1','SPONSER_1','111-222-3333','APARTMENT NUMBER 1, STREET NUMBER 1,LOS ANGELES, CALIFORNIA', 5000,'VIDEO_ID_5');


CREATE TABLE STATISTICS(
VIDEO_ID VARCHAR(35) NOT NULL UNIQUE,
LIKES INTEGER,
DISLIKES INTEGER,
VIEWCOUNT INTEGER,
NUMBER_OF_SHARES INTEGER,
NUMBER_OF_COMMENTS INTEGER,
PRIMARY KEY(VIDEO_ID),
FOREIGN KEY(VIDEO_ID) REFERENCES VIDEO(VIDEO_ID) ON UPDATE CASCADE);


INSERT INTO STATISTICS VALUES('VIDEO_ID_1',1,1,1,1,1);
INSERT INTO STATISTICS VALUES('VIDEO_ID_2',2,2,2,2,2);
INSERT INTO STATISTICS VALUES('VIDEO_ID_3',3,3,3,3,3);
INSERT INTO STATISTICS VALUES('VIDEO_ID_4',4,4,4,4,4);
INSERT INTO STATISTICS VALUES('VIDEO_ID_5',3,3,3,3,3);
INSERT INTO STATISTICS VALUES('VIDEO_ID_6',4,4,4,4,4);
INSERT INTO STATISTICS VALUES('VIDEO_ID_7',6,3,3,3,3);
INSERT INTO STATISTICS VALUES('VIDEO_ID_8',4,4,4,4,4);
INSERT INTO STATISTICS VALUES('VIDEO_ID_9',3,3,3,3,3);
INSERT INTO STATISTICS VALUES('VIDEO_ID_10',12,4,4,4,4);
INSERT INTO STATISTICS VALUES('VIDEO_ID_11',3,3,3,3,3);
INSERT INTO STATISTICS VALUES('VIDEO_ID_12',4,4,4,4,4);
INSERT INTO STATISTICS VALUES('VIDEO_ID_13',3,3,3,3,3);
INSERT INTO STATISTICS VALUES('VIDEO_ID_14',4,4,4,4,4);
INSERT INTO STATISTICS VALUES('VIDEO_ID_15',3,3,3,3,3);
INSERT INTO STATISTICS VALUES('VIDEO_ID_16',4,4,4,4,4);
INSERT INTO STATISTICS VALUES('VIDEO_ID_17',4,4,4,4,100);
INSERT INTO STATISTICS VALUES('VIDEO_ID_18',4,4,4,4,4);
INSERT INTO STATISTICS VALUES('VIDEO_ID_19',4,4,4,4,4);


INSERT INTO VIDEO VALUES('URL_1','VIDEO_ID_1','THUMBNAIL_1','CATEGORY_1',10,'DESCRIPTION_1','USER_ID_1',10,'2004-01-22','TITILE_1','VIDEO_TYPE_1',1);
INSERT INTO VIDEO VALUES('URL_2','VIDEO_ID_2','THUMBNAIL_2','CATEGORY_2',10,'DESCRIPTION_2','USER_ID_2',10,'2004-01-22','TITILE_2','VIDEO_TYPE_1',1);
INSERT INTO VIDEO VALUES('URL_3','VIDEO_ID_3','THUMBNAIL_3','CATEGORY_3',10,'DESCRIPTION_3','USER_ID_3',10,'2004-01-22','TITILE_3','VIDEO_TYPE_2',1);
INSERT INTO VIDEO VALUES('URL_4','VIDEO_ID_4','THUMBNAIL_4','CATEGORY_4',10,'DESCRIPTION_4','USER_ID_1',10,'2004-01-22','TITILE_4','VIDEO_TYPE_3',1);
INSERT INTO VIDEO VALUES('URL_5','VIDEO_ID_5','THUMBNAIL_1','CATEGORY_1',10,'DESCRIPTION_1','USER_ID_1',10,'2004-01-22','TITILE_5','VIDEO_TYPE_1',2);
INSERT INTO VIDEO VALUES('URL_6','VIDEO_ID_6','THUMBNAIL_2','CATEGORY_2',10,'DESCRIPTION_2','USER_ID_2',10,'2004-01-22','TITILE_6','VIDEO_TYPE_1',3);
INSERT INTO VIDEO VALUES('URL_7','VIDEO_ID_7','THUMBNAIL_3','CATEGORY_3',10,'DESCRIPTION_3','USER_ID_3',10,'2004-01-22','TITILE_7','VIDEO_TYPE_2',5);
INSERT INTO VIDEO VALUES('URL_8','VIDEO_ID_8','THUMBNAIL_4','CATEGORY_4',10,'DESCRIPTION_4','USER_ID_4',10,'2004-01-22','TITILE_8','VIDEO_TYPE_3',5);
INSERT INTO VIDEO VALUES('URL_9','VIDEO_ID_9','THUMBNAIL_4','CATEGORY_4',10,'DESCRIPTION_4','USER_ID_4',10,'2004-01-01','TITILE_9','VIDEO_TYPE_3',5);
INSERT INTO VIDEO VALUES('URL_10','VIDEO_ID_10','THUMBNAIL_4','CATEGORY_4',10,'DESCRIPTION_4','USER_ID_4',10,'2004-01-08','TITILE_10','VIDEO_TYPE_3',5);
INSERT INTO VIDEO VALUES('URL_11','VIDEO_ID_11','THUMBNAIL_4','CATEGORY_4',10,'DESCRIPTION_4','USER_ID_4',10,'2004-01-15','TITILE_11','VIDEO_TYPE_3',5);
INSERT INTO VIDEO VALUES('URL_12','VIDEO_ID_12','THUMBNAIL_4','CATEGORY_4',10,'DESCRIPTION_4','USER_ID_4',10,'2004-01-22','TITILE_12','VIDEO_TYPE_3',5);
INSERT INTO VIDEO VALUES('URL_13','VIDEO_ID_13','THUMBNAIL_4','CATEGORY_4',10,'DESCRIPTION_4','USER_ID_4',10,'2004-01-29','TITILE_13','VIDEO_TYPE_3',5);

INSERT INTO VIDEO VALUES('URL_14','VIDEO_ID_14','THUMBNAIL_4','CATEGORY_4',10,'DESCRIPTION_4','USER_ID_7',10,'2004-01-15','TITILE_14','VIDEO_TYPE_3',5);
INSERT INTO VIDEO VALUES('URL_15','VIDEO_ID_15','THUMBNAIL_4','CATEGORY_4',10,'DESCRIPTION_4','USER_ID_7',10,'2004-01-22','TITILE_15','VIDEO_TYPE_3',5);
INSERT INTO VIDEO VALUES('URL_16','VIDEO_ID_16','THUMBNAIL_4','CATEGORY_4',10,'DESCRIPTION_4','USER_ID_7',10,'2004-01-29','TITILE_16','VIDEO_TYPE_3',5);



CREATE TABLE COMMENT(
COMMENT_ID VARCHAR(35) NOT NULL UNIQUE,
USER_ID VARCHAR(35),
VIDEO_ID VARCHAR(35),
COMMENT_TEXT VARCHAR(35),
LIKES INTEGER,
SENTIMENT INTEGER,
CREATION_DETAILS VARCHAR(35),
PRIMARY KEY(COMMENT_ID),
FOREIGN KEY(USER_ID) REFERENCES USER(USER_ID) ON UPDATE CASCADE,
FOREIGN KEY(VIDEO_ID) REFERENCES VIDEO(VIDEO_ID) ON UPDATE CASCADE);

INSERT INTO COMMENT VALUES('COMMENT_ID_1','USER_ID_1','VIDEO_ID_1','COMMENT_TEXT_1',100,10,'CREATED ON 01.01.2022');
INSERT INTO COMMENT VALUES('COMMENT_ID_2','USER_ID_2','VIDEO_ID_2','COMMENT_TEXT_2',200,10,'CREATED ON 01.01.2022');
INSERT INTO COMMENT VALUES('COMMENT_ID_3','USER_ID_3','VIDEO_ID_3','COMMENT_TEXT_3',300,10,'CREATED ON 01.01.2022');
INSERT INTO COMMENT VALUES('COMMENT_ID_4','USER_ID_4','VIDEO_ID_4','COMMENT_TEXT_4',400,10,'CREATED ON 01.01.2022');
INSERT INTO COMMENT VALUES('COMMENT_ID_5','USER_ID_2','VIDEO_ID_8','COMMENT_TEXT_2',200,100,'CREATED ON 01.01.2022');

CREATE TABLE ENTERTAINEMENT_VIDEO(
VIDEO_ID VARCHAR(35) NOT NULL UNIQUE,
TAGS VARCHAR(35),
PRIMARY KEY(VIDEO_ID),
FOREIGN KEY(VIDEO_ID) REFERENCES VIDEO(VIDEO_ID) ON UPDATE CASCADE);

INSERT INTO ENTERTAINEMENT_VIDEO VALUES ('VIDEO_ID_1','TAG_1');
INSERT INTO ENTERTAINEMENT_VIDEO VALUES ('VIDEO_ID_2','TAG_2');


CREATE TABLE INFORMATIONAL_VIDEO(
VIDEO_ID VARCHAR(35),
KEYWORDS VARCHAR(35),
PRIMARY KEY(VIDEO_ID,KEYWORDS),
FOREIGN KEY(VIDEO_ID) REFERENCES VIDEO(VIDEO_ID) ON UPDATE CASCADE);

INSERT INTO INFORMATIONAL_VIDEO VALUES ('VIDEO_ID_3','KEYWORD_3');
INSERT INTO INFORMATIONAL_VIDEO VALUES ('VIDEO_ID_4','KEYWORD_4');
INSERT INTO INFORMATIONAL_VIDEO VALUES ('VIDEO_ID_2','KEYWORD_3');
INSERT INTO INFORMATIONAL_VIDEO VALUES ('VIDEO_ID_8','KEYWORD_3');
INSERT INTO INFORMATIONAL_VIDEO VALUES ('VIDEO_ID_8','KEYWORD_4');



CREATE TABLE VIEWS(
USER_ID VARCHAR(35),
VIDEO_ID VARCHAR(35),
TIME VARCHAR(35),
PRIMARY KEY(USER_ID,VIDEO_ID,TIME),
FOREIGN KEY(USER_ID) REFERENCES USER(USER_ID) ON UPDATE CASCADE, 
FOREIGN KEY(VIDEO_ID) REFERENCES VIDEO(VIDEO_ID) ON UPDATE CASCADE);


INSERT INTO VIEWS VALUES('USER_ID_114','VIDEO_ID_17','10');
INSERT INTO VIEWS VALUES('USER_ID_106','VIDEO_ID_17','11');
INSERT INTO VIEWS VALUES('USER_ID_109','VIDEO_ID_17','12');
INSERT INTO VIEWS VALUES('USER_ID_1','VIDEO_ID_16','10');
INSERT INTO VIEWS VALUES('USER_ID_1','VIDEO_ID_15','10');
INSERT INTO VIEWS VALUES('USER_ID_1','VIDEO_ID_14','10');
INSERT INTO VIEWS VALUES('USER_ID_1','VIDEO_ID_13','10');
INSERT INTO VIEWS VALUES('USER_ID_1','VIDEO_ID_12','10');
INSERT INTO VIEWS VALUES('USER_ID_1','VIDEO_ID_11','10');









